Animal,Parmfile,HR,Probe HR,FAR,Number of Probe Targets,Number of Targets,Number of References,Probe DI (%),DI (%),Probe RT (s),Difficulty,zprobeHR,zHR,zFAR,d prime,probe d prime,Criterion
Babybell,bbl031e03_a_PTD.m,0.97,0.93,0.46,7,34,123,0.83,0.78,0.27,Easy,1.475791028,1.880793608,-0.100433721,1.981227329,1.576224749,-0.890179944
Babybell,bbl031f03_a_PTD.m,0.98,0.94,0.38,8,46,128,0.84,0.82,0.3,Hard,1.554773595,2.053748911,-0.305480788,2.359229699,1.860254383,-0.874134061
Babybell,bbl031f04_a_PTD.m,0.99,0.94,0.32,9,44,74,0.89,0.88,0.24,Easy,1.554773595,2.326347874,-0.467698799,2.794046673,2.022472394,-0.929324537
Babybell,bbl031f07_a_PTD.m,0.67,0.67,0.21,12,67,91,0.69,0.71,0.31,Hard,0.439913166,0.439913166,-0.806421247,1.246334413,1.246334413,0.183254041
Babybell,bbl031f08_a_PTD.m,0.79,0.67,0.25,12,58,88,0.64,0.69,0.63,Easy,0.439913166,0.806421247,-0.67448975,1.480910997,1.114402916,-0.065965748
Babybell,bbl032f03_a_PTD.m,0.8,0.83,0.28,12,59,87,0.81,0.77,0.36,Easy,0.954165253,0.841621234,-0.582841507,1.424462741,1.53700676,-0.129389863
Babybell,bbl032f04_a_PTD.m,0.98,0.95,0.36,10,48,108,0.88,0.86,0.37,Hard,1.644853627,2.053748911,-0.358458793,2.412207704,2.00331242,-0.847645059
Babybell,bbl032f06_a_PTD.m,0.91,0.93,0.35,7,33,77,0.87,0.81,0.42,Hard,1.475791028,1.340755034,-0.385320466,1.7260755,1.861111495,-0.477717284
Babybell,bbl032g03_a_PTD.m,0.96,0.95,0.27,10,50,89,0.89,0.84,0.46,Easy,1.644853627,1.750686071,-0.612812991,2.363499062,2.257666618,-0.56893654
Babybell,bbl032g04_a_PTD.m,0.71,0.69,0.27,13,65,97,0.7,0.73,0.39,Hard,0.495850347,0.55338472,-0.612812991,1.166197711,1.108663338,0.029714136
Babybell,bbl033c03_a_PTD.m,0.84,0.91,0.31,11,55,103,0.88,0.81,0.27,Hard,1.340755034,0.994457883,-0.495850347,1.490308231,1.836605381,-0.249303768
Babybell,bbl033c04_a_PTD.m,0.86,0.95,0.3,10,50,91,0.88,0.78,0.44,Easy,1.644853627,1.080319341,-0.524400513,1.604719854,2.16925414,-0.277959414
Babybell,bbl034d03_a_PTD.m,0.79,0.6,0.35,5,24,72,0.53,0.58,0.54,Easy,0.253347103,0.806421247,-0.385320466,1.191741713,0.63866757,-0.21055039
Babybell,bbl034d04_a_PTD.m,0.59,0.5,0.29,8,39,78,0.58,0.64,0.29,Hard,0,0.227544977,-0.55338472,0.780929696,0.55338472,0.162919871
Babybell,bbl034e03_a_PTD.m,0.99,0.94,0.26,9,45,73,0.9,0.91,0.37,Easy,1.554773595,2.326347874,-0.643345405,2.969693279,2.198119,-0.841501234
Babybell,bbl034e04_a_PTD.m,0.96,0.95,0.31,10,48,83,0.89,0.85,0.28,Hard,1.644853627,1.750686071,-0.495850347,2.246536419,2.140703974,-0.627417862
Babybell,bbl034e07_a_PTD.m,0.87,0.95,0.31,10,54,85,0.91,0.77,0.31,Easy,1.644853627,1.126391129,-0.495850347,1.622241476,2.140703974,-0.315270391
Babybell,bbl035b04_a_PTD.m,0.98,0.94,0.36,9,46,97,0.92,0.88,0.16,Hard,1.554773595,2.053748911,-0.358458793,2.412207704,1.913232388,-0.847645059
Babybell,bbl035b05_a_PTD.m,0.94,0.9,0.35,10,48,111,0.83,0.82,0.25,Easy,1.281551566,1.554773595,-0.385320466,1.940094061,1.666872032,-0.584726564
Babybell,bbl035c03_a_PTD.m,0.86,0.88,0.27,8,42,71,0.86,0.79,0.27,Easy,1.174986792,1.080319341,-0.612812991,1.693132332,1.787799783,-0.233753175
Babybell,bbl036e03_a_PTD.m,0.63,0.83,0.28,6,30,40,0.76,0.74,0.45,Hard,0.954165253,0.331853346,-0.582841507,0.914694854,1.53700676,0.12549408
Babybell,bbl036e06_a_PTD.m,0.85,0.91,0.23,11,55,91,0.86,0.79,0.37,Easy,1.340755034,1.036433389,-0.738846849,1.775280239,2.079601883,-0.14879327
Babybell,bbl036e08_a_PTD.m,0.32,0.17,0.1,6,25,30,0.45,0.58,0.55,Hard,-0.954165253,-0.467698799,-1.281551566,0.813852766,0.327386312,0.874625182
Babybell,bbl038d02_a_PTD.m,0.88,0.95,0.33,10,52,103,0.84,0.83,0.54,Hard,1.644853627,1.174986792,-0.439913166,1.614899958,2.084766793,-0.367536813
Babybell,bbl038d03_a_PTD.m,0.79,0.73,0.25,11,58,89,0.67,0.66,0.59,Easy,0.612812991,0.806421247,-0.67448975,1.480910997,1.287302741,-0.065965748
Babybell,bbl038e03_a_PTD.m,0.82,0.83,0.23,12,56,84,0.77,0.75,0.43,Easy,0.954165253,0.915365088,-0.738846849,1.654211937,1.693012102,-0.088259119
Babybell,bbl039b04_a_PTD.m,0.97,0.83,0.32,3,15,25,0.81,0.86,0.4,Easy,0.954165253,1.880793608,-0.467698799,2.348492407,1.421864052,-0.706547405
Babybell,bbl039c04_a_PTD.m,0.98,0.95,0.39,10,47,138,0.81,0.82,0.32,Easy,1.644853627,2.053748911,-0.279319034,2.333067945,1.924172661,-0.887214938
Babybell,bbl039c05_a_PTD.m,0.82,0.96,0.41,12,57,138,0.86,0.79,0.28,Hard,1.750686071,0.915365088,-0.227544977,1.142910064,1.978231048,-0.343910056
Babybell,bbl039d04_a_PTD.m,0.96,0.94,0.37,8,48,98,0.84,0.82,0.26,Hard,1.554773595,1.750686071,-0.331853346,2.082539418,1.886626941,-0.709416362
Babybell,bbl039d05_a_PTD.m,0.98,0.94,0.32,9,48,84,0.9,0.85,0.27,Easy,1.554773595,2.053748911,-0.467698799,2.52144771,2.022472394,-0.793025056
Babybell,bbl039d07_a_PTD.m,0.74,0.62,0.26,13,62,124,0.69,0.72,0.31,Easy,0.305480788,0.643345405,-0.643345405,1.286690811,0.948826193,0
Babybell,bbl039d08_a_PTD.m,0.75,0.67,0.25,12,64,110,0.67,0.75,0.49,Hard,0.439913166,0.67448975,-0.67448975,1.3489795,1.114402916,0
Babybell,bbl040d03_a_PTD.m,0.83,0.75,0.24,4,18,29,0.75,0.8,0.57,Easy,0.67448975,0.954165253,-0.706302563,1.660467816,1.380792313,-0.123931345
Babybell,bbl040e03_a_PTD.m,0.75,0.5,0.32,2,12,19,0.53,0.6,0.17,Easy,0,0.67448975,-0.467698799,1.142188549,0.467698799,-0.103395476
Babybell,bbl040f03_a_PTD.m,0.47,0.57,0.23,7,34,61,0.64,0.55,0.35,Easy,0.176374165,-0.075269862,-0.738846849,0.663576987,0.915221014,0.407058356
Babybell,bbl041b03_a_PTD.m,0.96,0.83,0.46,3,13,28,0.82,0.84,0.38,Easy,0.954165253,1.750686071,-0.100433721,1.851119792,1.054598974,-0.825126175
Babybell,bbl041e03_a_PTD.m,0.98,0.94,0.37,9,48,89,0.83,0.78,0.32,Hard,1.554773595,2.053748911,-0.331853346,2.385602257,1.886626941,-0.860947782
Babybell,bbl041e04_a_PTD.m,0.96,0.9,0.3,10,49,86,0.81,0.8,0.32,Easy,1.281551566,1.750686071,-0.524400513,2.275086584,1.805952078,-0.613142779
Babybell,bbl041e07_a_PTD.m,0.98,0.94,0.35,9,48,91,0.91,0.83,0.24,Easy,1.554773595,2.053748911,-0.385320466,2.439069377,1.940094061,-0.834214222
Babybell,bbl041e08_a_PTD.m,0.85,0.75,0.26,4,20,31,0.71,0.8,0.49,Hard,0.67448975,1.036433389,-0.643345405,1.679778795,1.317835156,-0.196543992
Babybell,bbl043a06_a_PTD.m,0.98,0.94,0.41,8,41,104,0.78,0.78,0.34,Easy,1.554773595,2.053748911,-0.227544977,2.281293887,1.782318571,-0.913101967
Babybell,bbl043a09_a_PTD.m,0.88,0.75,0.7,2,4,10,0.8,0.7,0.24,Easy,0.67448975,1.174986792,0.524400513,0.650586279,0.150089237,-0.849693652
Babybell,bbl043b03_a_PTD.m,0.99,0.95,0.46,10,45,151,0.8,0.81,0.28,Hard,1.644853627,2.326347874,-0.100433721,2.426781595,1.745287347,-1.112957077
Babybell,bbl043b04_a_PTD.m,0.94,0.75,0.51,2,9,41,0.88,0.71,0.17,Easy,0.67448975,1.554773595,0.025068908,1.529704686,0.649420842,-0.789921251
Babybell,bbl043b05_a_PTD.m,0.92,0.95,0.39,10,51,132,0.84,0.72,0.31,Easy,1.644853627,1.40507156,-0.279319034,1.684390595,1.924172661,-0.562876263
Babybell,bbl043d03_a_PTD.m,0.94,0.94,0.4,9,49,136,0.85,0.81,0.27,Easy,1.554773595,1.554773595,-0.253347103,1.808120698,1.808120698,-0.650713246
Babybell,bbl043d04_a_PTD.m,0.93,0.89,0.34,9,45,97,0.78,0.81,0.29,Hard,1.22652812,1.475791028,-0.412463129,1.888254158,1.638991249,-0.531663949
Babybell,bbl043e03_a_PTD.m,0.88,0.75,0.42,2,8,19,0.74,0.61,0.27,Easy,0.67448975,1.174986792,-0.201893479,1.376880271,0.876383229,-0.486546656
Babybell,bbl044b03_a_PTD.m,0.88,0.92,0.44,6,26,71,0.88,0.77,0.2,Hard,1.40507156,1.174986792,-0.150969215,1.325956008,1.556040776,-0.512008788
Babybell,bbl044c06_a_PTD.m,0.94,0.94,0.42,9,48,139,0.81,0.81,0.39,Hard,1.554773595,1.554773595,-0.201893479,1.756667074,1.756667074,-0.676440058
Babybell,bbl044e03_a_PTD.m,0.93,0.94,0.48,9,42,135,0.74,0.69,0.29,Easy,1.554773595,1.475791028,-0.050153583,1.525944612,1.604927178,-0.712818722
Babybell,bbl046a05_a_PTD.m,0.79,0.92,0.36,6,28,50,0.79,0.65,0.52,Easy,1.40507156,0.806421247,-0.358458793,1.16488004,1.763530354,-0.223981227
Babybell,bbl049d05_a_PTD.m,0.9,0.93,0.34,7,31,67,0.88,0.87,0.39,Hard,1.475791028,1.281551566,-0.412463129,1.694014695,1.888254158,-0.434544218
Babybell,bbl050c03_a_PTD.m,0.83,0.91,0.21,11,54,82,0.8,0.64,0.73,Easy,1.340755034,0.954165253,-0.806421247,1.7605865,2.147176281,-0.073872003
Babybell,bbl050d03_a_PTD.m,0.9,0.95,0.36,10,50,98,0.83,0.8,0.49,Hard,1.644853627,1.281551566,-0.358458793,1.640010359,2.00331242,-0.461546386
Babybell,bbl050d04_a_PTD.m,0.91,0.95,0.26,11,53,80,0.88,0.78,0.5,Easy,1.644853627,1.340755034,-0.643345405,1.984100439,2.288199032,-0.348704814
Babybell,bbl051a03_a_PTD.m,0.62,0.62,0.24,13,63,91,0.67,0.6,0.57,Easy,0.305480788,0.305480788,-0.706302563,1.011783351,1.011783351,0.200410887
Babybell,bbl051b04_a_PTD.m,0.74,0.8,0.17,5,27,35,0.77,0.69,0.42,Easy,0.841621234,0.643345405,-0.954165253,1.597510659,1.795786487,0.155409924
Babybell,bbl052b03_a_PTD.m,0.43,0.44,0.13,9,42,47,0.62,0.67,0.54,Hard,-0.150969215,-0.176374165,-1.126391129,0.950016964,0.975421914,0.651382647
Babybell,bbl052c04_a_PTD.m,0.81,0.83,0.19,6,32,48,0.79,0.77,0.59,Easy,0.954165253,0.877896295,-0.877896295,1.75579259,1.832061548,-5.55E-17
Babybell,bbl052c07_a_PTD.m,0.58,0.33,0.14,6,31,36,0.55,0.71,0.74,Easy,-0.439913166,0.201893479,-1.080319341,1.28221282,0.640406175,0.439212931
Babybell,bbl052e03_a_PTD.m,0.75,0.5,0.12,2,16,24,0.59,0.81,0.59,Easy,0,0.67448975,-1.174986792,1.849476542,1.174986792,0.250248521
Babybell,bbl053c03_a_PTD.m,0.99,0.94,0.36,8,45,107,0.83,0.83,0.43,Easy,1.554773595,2.326347874,-0.358458793,2.684806667,1.913232388,-0.98394454
Babybell,bbl053c04_a_PTD.m,0.99,0.94,0.32,9,46,94,0.87,0.85,0.38,Hard,1.554773595,2.326347874,-0.467698799,2.794046673,2.022472394,-0.929324537
Babybell,bbl053c07_a_PTD.m,0.85,0.95,0.35,11,52,122,0.91,0.78,0.25,Hard,1.644853627,1.036433389,-0.385320466,1.421753856,2.030174093,-0.325556462
Babybell,bbl053c08_a_PTD.m,0.96,0.9,0.35,10,49,84,0.78,0.79,0.41,Easy,1.281551566,1.750686071,-0.385320466,2.136006538,1.666872032,-0.682682802
Babybell,bbl053d03_a_PTD.m,0.98,0.88,0.35,4,22,51,0.89,0.86,0.34,Hard,1.174986792,2.053748911,-0.385320466,2.439069377,1.560307258,-0.834214222
Babybell,bbl053e04_a_PTD.m,0.98,0.92,0.26,6,31,54,0.88,0.88,0.45,Easy,1.40507156,2.053748911,-0.643345405,2.697094316,2.048416966,-0.705201753
Babybell,bbl053i04_a_PTD.m,0.72,0.91,0.32,11,54,117,0.74,0.73,0.61,Hard,1.340755034,0.582841507,-0.467698799,1.050540306,1.808453833,-0.057571354
Babybell,bbl054a03_a_PTD.m,0.59,0.38,0.22,13,64,81,0.53,0.66,0.49,Easy,-0.305480788,0.227544977,-0.772193214,0.999738191,0.466712426,0.272324119
Babybell,bbl054e03_a_PTD.m,0.96,0.83,0.24,3,13,21,0.97,0.95,0.48,Easy,0.954165253,1.750686071,-0.706302563,2.456988634,1.660467816,-0.522191754
Babybell,bbl054g03_a_PTD.m,0.82,0.75,0.22,12,55,102,0.74,0.8,0.42,Hard,0.67448975,0.915365088,-0.772193214,1.687558302,1.446682964,-0.071585937
Babybell,bbl054g04_a_PTD.m,0.98,0.95,0.16,10,48,62,0.94,0.9,0.41,Easy,1.644853627,2.053748911,-0.994457883,3.048206794,2.63931151,-0.529645514
Babybell,bbl054h03_a_PTD.m,0.71,0.83,0.15,6,31,40,0.85,0.75,0.5,Easy,0.954165253,0.55338472,-1.036433389,1.589818109,1.990598643,0.241524335
Babybell,bbl055c04_a_PTD.m,0.74,0.83,0.36,6,31,55,0.72,0.7,0.66,Hard,0.954165253,0.643345405,-0.358458793,1.001804199,1.312624046,-0.142443306
Babybell,bbl055d03_a_PTD.m,0.56,0.33,0.24,3,18,33,0.47,0.61,0.68,Easy,-0.439913166,0.150969215,-0.706302563,0.857271778,0.266389397,0.277666674
Babybell,bbl057f03_a_PTD.m,0.74,0.94,0.32,9,46,82,0.83,0.74,0.5,Hard,1.554773595,0.643345405,-0.467698799,1.111044205,2.022472394,-0.087823303
Babybell,bbl057f04_a_PTD.m,0.78,0.9,0.23,10,46,74,0.81,0.73,0.43,Easy,1.281551566,0.772193214,-0.738846849,1.511040063,2.020398415,-0.016673183
Babybell,bbl057h03_a_PTD.m,0.87,0.82,0.24,11,54,83,0.73,0.78,0.69,Easy,0.915365088,1.126391129,-0.706302563,1.832693692,1.621667651,-0.210044283
Babybell,bbl057h06_a_PTD.m,0.81,0.88,0.12,4,16,26,0.93,0.75,0.61,Hard,1.174986792,0.877896295,-1.174986792,2.052883087,2.349973584,0.148545249
Babybell,bbl058c04_a_PTD.m,0.84,0.82,0.41,11,55,166,0.7,0.75,0.41,Hard,0.915365088,0.994457883,-0.227544977,1.22200286,1.142910064,-0.383456453
Babybell,bbl058c06_a_PTD.m,0.98,0.94,0.42,9,46,112,0.83,0.81,0.2,Easy,1.554773595,2.053748911,-0.201893479,2.25564239,1.756667074,-0.925927716
Babybell,bbl058c09_a_PTD.m,0.96,0.9,0.21,10,47,70,0.84,0.86,0.36,Easy,1.281551566,1.750686071,-0.806421247,2.557107318,2.087972813,-0.472132412
Babybell,bbl058c10_a_PTD.m,0.89,0.95,0.28,11,45,80,0.84,0.8,0.44,Hard,1.644853627,1.22652812,-0.582841507,1.809369627,2.227695134,-0.321843306
Babybell,bbl060b03_a_PTD.m,0.62,0.5,0.24,6,32,51,0.71,0.75,0.66,Hard,0,0.305480788,-0.706302563,1.011783351,0.706302563,0.200410887
Babybell,bbl060b04_a_PTD.m,0.73,0.5,0.29,2,11,17,0.47,0.57,0.44,Easy,0,0.612812991,-0.55338472,1.166197711,0.55338472,-0.029714136
Babybell,bbl060c03_a_PTD.m,0.98,0.92,0.24,6,29,41,0.84,0.86,0.53,Easy,1.40507156,2.053748911,-0.706302563,2.760051473,2.111374123,-0.673723174
Babybell,bbl060c06_a_PTD.m,0.98,0.92,0.18,6,30,44,0.93,0.94,0.46,Easy,1.40507156,2.053748911,-0.915365088,2.969113998,2.320436648,-0.569191911
Babybell,bbl060c07_a_PTD.m,0.96,0.95,0.22,10,47,72,0.9,0.82,0.37,Easy,1.644853627,1.750686071,-0.772193214,2.522879285,2.417046841,-0.489246429
Babybell,bbl060c09_a_PTD.m,0.94,0.95,0.31,10,50,99,0.82,0.8,0.42,Hard,1.644853627,1.554773595,-0.495850347,2.050623942,2.140703974,-0.529461624
Babybell,bbl061a04_a_PTD.m,0.63,0.75,0.17,4,19,23,0.83,0.7,0.7,Hard,0.67448975,0.331853346,-0.954165253,1.2860186,1.628655003,0.311155953
Babybell,bbl061h03_a_PTD.m,0.67,0.57,0.22,7,33,49,0.71,0.64,0.54,Easy,0.176374165,0.439913166,-0.772193214,1.21210638,0.948567379,0.166140024
Babybell,bbl062c04_a_PTD.m,0.59,0.8,0.3,5,27,64,0.8,0.66,0.37,Easy,0.841621234,0.227544977,-0.524400513,0.751945489,1.366021746,0.148427768
Babybell,bbl062d03_a_PTD.m,0.75,0.75,0.08,2,12,12,0.96,0.87,0.72,Easy,0.67448975,0.67448975,-1.40507156,2.079561311,2.079561311,0.365290905
Babybell,bbl063c04_a_PTD.m,0.54,0.33,0.13,3,13,15,0.56,0.79,0.25,Easy,-0.439913166,0.100433721,-1.126391129,1.22682485,0.686477963,0.512978704
Babybell,bbl064b05_a_PTD.m,0.96,0.9,0.33,5,25,51,0.81,0.79,0.67,Easy,1.281551566,1.750686071,-0.439913166,2.190599237,1.721464731,-0.655386453
Babybell,bbl064g03_a_PTD.m,0.87,0.7,0.3,10,53,97,0.68,0.74,0.62,Easy,0.524400513,1.126391129,-0.524400513,1.650791642,1.048801025,-0.300995308
Babybell,bbl064g04_a_PTD.m,0.92,0.9,0.33,5,24,58,0.79,0.76,0.62,Hard,1.281551566,1.40507156,-0.439913166,1.844984726,1.721464731,-0.482579197
Babybell,bbl067a04_a_PTD.m,0.98,0.92,0.4,6,29,75,0.81,0.78,0.32,Hard,1.40507156,2.053748911,-0.253347103,2.307096014,1.658418663,-0.900200904
Babybell,bbl067c05_a_PTD.m,0.99,0.95,0.5,10,49,159,0.87,0.87,0.32,A Pure Tone,1.644853627,2.326347874,0,2.326347874,1.644853627,-1.163173937
Babybell,bbl068a05_a_PTD.m,0.82,0.83,0.27,6,33,52,0.77,0.78,0.3,Hard,0.954165253,0.915365088,-0.612812991,1.528178079,1.566978244,-0.151276048
Babybell,bbl068d04_a_PTD.m,0.96,0.95,0.23,11,56,94,0.91,0.85,0.43,Easy,1.644853627,1.750686071,-0.738846849,2.48953292,2.383700476,-0.505919611
Babybell,bbl068d06_a_PTD.m,0.71,0.75,0.24,8,41,76,0.71,0.69,0.41,Hard,0.67448975,0.55338472,-0.706302563,1.259687282,1.380792313,0.076458922
Babybell,bbl069c05_a_PTD.m,0.42,0.67,0.14,6,33,35,0.73,0.72,0.91,A Pure Tone,0.439913166,-0.201893479,-1.080319341,0.878425862,1.520232506,0.64110641
Babybell,bbl069d04_a_PTD.m,0.55,0.5,0.13,6,29,46,0.64,0.7,0.65,A Pure Tone,0,0.125661347,-1.126391129,1.252052476,1.126391129,0.500364891
Babybell,bbl071d06_a_PTD.m,0.96,0.95,0.38,11,55,156,0.88,0.85,0.23,Hard,1.644853627,1.750686071,-0.305480788,2.056166859,1.950334415,-0.722602642
Babybell,bbl071d08_a_PTD.m,0.99,0.95,0.23,11,56,96,0.88,0.89,0.23,A Pure Tone,1.644853627,2.326347874,-0.738846849,3.065194723,2.383700476,-0.793750512
Babybell,bbl071d10_a_PTD.m,0.82,0.83,0.28,12,60,120,0.74,0.71,0.44,Easy,0.954165253,0.915365088,-0.582841507,1.498206595,1.53700676,-0.16626179
Babybell,bbl071e03_a_PTD.m,0.59,0.83,0.29,6,29,55,0.7,0.63,0.87,A Pure Tone,0.954165253,0.227544977,-0.55338472,0.780929696,1.507549973,0.162919871
Babybell,bbl072a05_a_PTD.m,0.95,0.95,0.22,11,55,90,0.86,0.82,0.45,Easy,1.644853627,1.644853627,-0.772193214,2.417046841,2.417046841,-0.436330206
Babybell,bbl072d05_a_PTD.m,0.89,0.92,0.36,12,61,140,0.72,0.75,0.46,Hard,1.40507156,1.22652812,-0.358458793,1.584986913,1.763530354,-0.434034663
Babybell,bbl072d07_a_PTD.m,0.87,0.94,0.27,8,46,84,0.83,0.75,0.55,Easy,1.554773595,1.126391129,-0.612812991,1.73920412,2.167586586,-0.256789069
Babybell,bbl072d09_a_PTD.m,0.92,0.86,0.27,7,39,78,0.77,0.81,0.5,A Pure Tone,1.080319341,1.40507156,-0.612812991,2.017884551,1.693132332,-0.396129285
Babybell,bbl072d11_a_PTD.m,0.6,0.75,0.25,4,20,32,0.79,0.68,0.2,Hard,0.67448975,0.253347103,-0.67448975,0.927836853,1.3489795,0.210571324
Babybell,bbl073d05_a_PTD.m,0.97,0.88,0.34,4,15,32,0.94,0.92,0.25,Easy,1.174986792,1.880793608,-0.412463129,2.293256738,1.587449922,-0.734165239
Babybell,bbl073h05_a_PTD.m,0.93,0.91,0.28,11,56,109,0.78,0.76,0.39,Easy,1.340755034,1.475791028,-0.582841507,2.058632535,1.923596541,-0.44647476
Babybell,bbl073i06_a_PTD.m,0.56,0.57,0.24,7,32,50,0.59,0.59,0.64,A Pure Tone,0.176374165,0.150969215,-0.706302563,0.857271778,0.882676728,0.277666674
Babybell,bbl074e04_a_PTD.m,0.91,0.5,0.48,1,11,23,0.89,0.9,0.45,Easy,0,1.340755034,-0.050153583,1.390908617,0.050153583,-0.645300725
Babybell,bbl074f04_a_PTD.m,0.93,0.92,0.27,12,56,110,0.84,0.8,0.28,Easy,1.40507156,1.475791028,-0.612812991,2.088604019,2.017884551,-0.431489019
Babybell,bbl074f07_a_PTD.m,0.99,0.95,0.36,11,54,108,0.84,0.85,0.3,Hard,1.644853627,2.326347874,-0.358458793,2.684806667,2.00331242,-0.98394454
Babybell,bbl074f08_a_PTD.m,0.95,0.95,0.24,11,55,95,0.91,0.89,0.38,A Pure Tone,1.644853627,1.644853627,-0.706302563,2.35115619,2.35115619,-0.469275532
Babybell,bbl074g05_a_PTD.m,0.74,0.43,0.25,14,70,91,0.48,0.62,0.43,A Pure Tone,-0.176374165,0.643345405,-0.67448975,1.317835156,0.498115585,0.015572172
Babybell,bbl074g07_a_PTD.m,0.64,0.8,0.21,10,47,73,0.75,0.69,0.5,Hard,0.841621234,0.358458793,-0.806421247,1.16488004,1.648042481,0.223981227
Babybell,bbl075a05_a_PTD.m,0.98,0.9,0.29,5,21,41,0.97,0.96,0.25,Easy,1.281551566,2.053748911,-0.55338472,2.60713363,1.834936285,-0.750182096
Babybell,bbl075b04_a_PTD.m,0.99,0.95,0.36,10,55,123,0.85,0.85,0.24,Hard,1.644853627,2.326347874,-0.358458793,2.684806667,2.00331242,-0.98394454
Babybell,bbl075g04_a_PTD.m,0.94,0.88,0.35,4,18,37,0.75,0.75,0.48,Hard,1.174986792,1.554773595,-0.385320466,1.940094061,1.560307258,-0.584726564
Babybell,bbl075h05_a_PTD.m,0.98,0.88,0.36,4,22,44,0.96,0.9,0.19,A Pure Tone,1.174986792,2.053748911,-0.358458793,2.412207704,1.533445585,-0.847645059
Babybell,bbl077f10_a_PTD.m,0.88,0.83,0.27,12,60,97,0.76,0.78,0.4,A Pure Tone,0.954165253,1.174986792,-0.612812991,1.787799783,1.566978244,-0.281086901
Babybell,bbl077f12_a_PTD.m,0.8,0.85,0.22,13,65,99,0.79,0.72,0.46,Easy,1.036433389,0.841621234,-0.772193214,1.613814448,1.808626604,-0.03471401
Babybell,bbl077f13_a_PTD.m,0.56,0.83,0.24,6,36,59,0.8,0.67,0.43,Hard,0.954165253,0.150969215,-0.706302563,0.857271778,1.660467816,0.277666674
Babybell,bbl077f16_a_PTD.m,0.41,0.4,0.26,5,22,43,0.5,0.44,0.33,Hard,-0.253347103,-0.227544977,-0.643345405,0.415800429,0.389998302,0.435445191
Babybell,bbl078d05_a_PTD.m,0.98,0.95,0.24,11,53,83,0.85,0.85,0.59,A Pure Tone,1.644853627,2.053748911,-0.706302563,2.760051473,2.35115619,-0.673723174
Babybell,bbl078d07_a_PTD.m,0.96,0.96,0.3,12,54,96,0.87,0.83,0.35,Hard,1.750686071,1.750686071,-0.524400513,2.275086584,2.275086584,-0.613142779
Babybell,bbl078k04_a_PTD.m,0.99,0.95,0.29,10,53,103,0.9,0.86,0.32,Easy,1.644853627,2.326347874,-0.55338472,2.879732594,2.198238347,-0.886481577
Babybell,bbl078k05_a_PTD.m,0.76,0.77,0.28,13,68,149,0.75,0.74,0.41,Hard,0.738846849,0.706302563,-0.582841507,1.28914407,1.321688356,-0.061730528
Babybell,bbl078k07_a_PTD.m,0.77,0.93,0.19,7,35,54,0.88,0.81,0.65,A Pure Tone,1.475791028,0.738846849,-0.877896295,1.616743144,2.353687323,0.069524723
Babybell,bbl079a06_a_PTD.m,0.94,0.75,0.43,2,16,44,0.89,0.71,0.15,Easy,0.67448975,1.554773595,-0.176374165,1.731147759,0.850863915,-0.689199715
Babybell,bbl079b04_a_PTD.m,0.94,0.5,0.37,1,9,30,0.87,0.86,0.39,Easy,0,1.554773595,-0.331853346,1.886626941,0.331853346,-0.611460124
Babybell,bbl079b08_a_PTD.m,0.99,0.95,0.33,11,55,107,0.91,0.9,0.17,A Pure Tone,1.644853627,2.326347874,-0.439913166,2.76626104,2.084766793,-0.943217354
Babybell,bbl079h05_a_PTD.m,0.94,0.95,0.4,10,54,134,0.87,0.81,0.2,Hard,1.644853627,1.554773595,-0.253347103,1.808120698,1.89820073,-0.650713246
Babybell,bbl079h07_a_PTD.m,0.78,0.71,0.24,14,68,116,0.69,0.72,0.38,A Pure Tone,0.55338472,0.772193214,-0.706302563,1.478495777,1.259687282,-0.032945326
Babybell,bbl079h08_a_PTD.m,0.61,0.82,0.24,11,56,111,0.75,0.64,0.6,Easy,0.915365088,0.279319034,-0.706302563,0.985621597,1.621667651,0.213491764
Babybell,bbl080a06_a_PTD.m,0.99,0.96,0.36,12,54,126,0.86,0.83,0.24,Easy,1.750686071,2.326347874,-0.358458793,2.684806667,2.109144865,-0.98394454
Babybell,bbl080a08_a_PTD.m,0.99,0.94,0.26,9,43,72,0.92,0.92,0.23,A Pure Tone,1.554773595,2.326347874,-0.643345405,2.969693279,2.198119,-0.841501234
Babybell,bbl081b04_a_PTD.m,0.96,0.83,0.44,3,13,39,0.88,0.89,0.34,Easy,0.954165253,1.750686071,-0.150969215,1.901655287,1.105134469,-0.799858428
Babybell,bbl081b05_a_PTD.m,0.92,0.75,0.48,2,13,27,0.82,0.68,0.28,Easy,0.67448975,1.40507156,-0.050153583,1.455225144,0.724643334,-0.677458988
Babybell,bbl081d04_a_PTD.m,0.98,0.91,0.37,11,57,119,0.77,0.81,0.46,A Pure Tone,1.340755034,2.053748911,-0.331853346,2.385602257,1.67260838,-0.860947782
Babybell,bbl081d06_a_PTD.m,0.73,0.71,0.35,14,71,155,0.66,0.68,0.64,Hard,0.55338472,0.612812991,-0.385320466,0.998133457,0.938705186,-0.113746262
Babybell,bbl081d08_a_PTD.m,0.74,0.71,0.27,7,31,49,0.71,0.7,0.91,Easy,0.55338472,0.643345405,-0.612812991,1.256158396,1.166197711,-0.015266207
Babybell,bbl082e04_a_PTD.m,0.96,0.83,0.3,3,13,23,0.94,0.8,0.23,Easy,0.954165253,1.750686071,-0.524400513,2.275086584,1.478565766,-0.613142779
Babybell,bbl082g04_a_PTD.m,0.97,0.92,0.34,6,31,70,0.86,0.86,0.37,Easy,1.40507156,1.880793608,-0.412463129,2.293256738,1.81753469,-0.734165239
Babybell,bbl082h07_a_PTD.m,0.99,0.95,0.25,11,54,88,0.9,0.88,0.38,A Pure Tone,1.644853627,2.326347874,-0.67448975,3.000837624,2.319343377,-0.825929062
Babybell,bbl082h09_a_PTD.m,0.83,0.85,0.29,13,65,101,0.71,0.73,0.56,Hard,1.036433389,0.954165253,-0.55338472,1.507549973,1.589818109,-0.200390267
Babybell,bbl082h10_a_PTD.m,0.6,0.6,0.2,5,25,49,0.76,0.72,0.47,Easy,0.253347103,0.253347103,-0.841621234,1.094968337,1.094968337,0.294137065
Babybell,bbl083b05_a_PTD.m,0.99,0.95,0.17,10,52,75,0.95,0.95,0.44,A Pure Tone,1.644853627,2.326347874,-0.954165253,3.280513127,2.59901888,-0.68609131
Babybell,bbl083b07_a_PTD.m,0.95,0.91,0.17,11,58,81,0.9,0.89,0.32,Easy,1.340755034,1.644853627,-0.954165253,2.59901888,2.294920287,-0.345344187
Babybell,bbl083b08_p_PTD.m,0.86,0.92,0.17,13,63,87,0.86,0.83,0.48,Hard,1.40507156,1.080319341,-0.954165253,2.034484594,2.359236813,-0.063077044
Babybell,bbl083b10_a_PTD.m,0.77,0.8,0.17,10,48,60,0.75,0.76,0.7,A Pure Tone,0.841621234,0.738846849,-0.954165253,1.693012102,1.795786487,0.107659202
Babybell,bbl086b06_a_PTD.m,0.51,0.62,0.28,8,43,74,0.6,0.56,0.41,Easy,0.305480788,0.025068908,-0.582841507,0.607910416,0.888322295,0.2788863
Babybell,bbl086b07_a_PTD.m,0.69,0.7,0.29,10,51,83,0.68,0.73,0.65,Easy,0.524400513,0.495850347,-0.55338472,1.049235067,1.077785232,0.028767186
Babybell,bbl086b11_a_PTD.m,0.89,0.92,0.26,12,62,117,0.81,0.81,0.56,A Pure Tone,1.40507156,1.22652812,-0.643345405,1.869873525,2.048416966,-0.291591357
Babybell,bbl086b12_a_PTD.m,0.78,0.69,0.23,13,68,95,0.69,0.76,0.77,Hard,0.495850347,0.772193214,-0.738846849,1.511040063,1.234697197,-0.016673183
Babybell,bbl086b14_a_PTD.m,0.65,0.71,0.26,7,31,43,0.73,0.63,0.33,Easy,0.55338472,0.385320466,-0.643345405,1.028665872,1.196730125,0.129012469
Babybell,bbl087c03_a_PTD.m,0.94,0.5,0.5,1,8,22,0.86,0.85,0.28,Hard,0,1.554773595,0,1.554773595,0,-0.777386797
Babybell,bbl087c04_a_PTD.m,0.9,0.5,0.4,1,5,20,0.65,0.76,0.99,Hard,0,1.281551566,-0.253347103,1.534898669,0.253347103,-0.514102231
Babybell,bbl099g02_a_PTD.m,0.61,0.88,0.31,8,38,64,0.7,0.58,0.77,Easy,1.174986792,0.279319034,-0.495850347,0.775169382,1.670837139,0.108265656
Babybell,bbl102d08_a_PTD.m,0.88,0,0.6,1,8,43,0.38,0.73,1.5,Hard,#NUM!,1.174986792,0.253347103,0.921639689,#NUM!,-0.714166948
Babybell,bbl102d10_a_PTD.m,0.74,0.89,0.42,9,47,143,0.78,0.7,0.28,Hard,1.22652812,0.643345405,-0.201893479,0.845238885,1.428421599,-0.220725963
Babybell,bbl102d13_a_PTD.m,0.68,0.8,0.25,10,50,56,0.75,0.74,0.45,A Pure Tone,0.841621234,0.467698799,-0.67448975,1.142188549,1.516110984,0.103395476
Babybell,bbl104h06_a_PTD.m,0.97,0.88,0.48,4,20,89,0.67,0.82,0.6,Easy,1.174986792,1.880793608,-0.050153583,1.930947192,1.225140376,-0.915320012
Babybell,bbl104h08_a_PTD.m,0.84,0.6,0.4,10,45,113,0.57,0.66,0.29,A Pure Tone,0.253347103,0.994457883,-0.253347103,1.247804986,0.506694206,-0.37055539
Babybell,bbl105e03_a_PTD.m,0.97,0.88,0.58,4,15,76,0.75,0.75,0.26,Easy,1.174986792,1.880793608,0.201893479,1.678900129,0.973093313,-1.041343544
Babybell,bbl105e05_a_PTD.m,0.99,0.94,0.48,8,35,113,0.88,0.9,0.24,A Pure Tone,1.554773595,2.326347874,-0.050153583,2.376501458,1.604927178,-1.138097145
Babybell,bbl106d04_a_PTD.m,0.84,0.71,0.35,7,37,72,0.59,0.68,0.45,A Pure Tone,0.55338472,0.994457883,-0.385320466,1.37977835,0.938705186,-0.304568708
Beartooth,BRT003f06_a_PTD.m,0.74,0.71,0.16,7,35,49,0.75,0.77,0.42,A Pure Tone,0.55338472,0.643345405,-0.994457883,1.637803289,1.547842603,0.175556239
Beartooth,BRT005c06_a_PTD.m,0.76,0.79,0.28,14,70,125,0.74,0.73,0.75,Easy,0.806421247,0.706302563,-0.582841507,1.28914407,1.389262754,-0.061730528
Beartooth,BRT005c08_a_PTD.m,0.8,0.79,0.25,14,66,93,0.71,0.77,0.67,Hard,0.806421247,0.841621234,-0.67448975,1.516110984,1.480910997,-0.083565742
Beartooth,BRT005c09_a_PTD.m,0.88,0.83,0.22,12,57,82,0.74,0.77,0.66,A Pure Tone,0.954165253,1.174986792,-0.772193214,1.947180006,1.726358467,-0.201396789
Beartooth,BRT005e04_a_PTD.m,0.38,0.33,0.29,3,13,28,0.52,0.53,0.04,A Pure Tone,-0.439913166,-0.305480788,-0.55338472,0.247903931,0.113471554,0.429432754
Beartooth,BRT006b05_a_PTD.m,0.91,0.75,0.31,12,58,94,0.73,0.79,0.58,A Pure Tone,0.67448975,1.340755034,-0.495850347,1.836605381,1.170340098,-0.422452343
Beartooth,BRT006b07_a_PTD.m,0.75,0.93,0.25,14,69,117,0.82,0.77,0.33,Hard,1.475791028,0.67448975,-0.67448975,1.3489795,2.150280778,0
Beartooth,BRT006d05_a_PTD.m,0.93,0.96,0.28,12,60,93,0.83,0.76,0.37,Easy,1.750686071,1.475791028,-0.582841507,2.058632535,2.333527579,-0.44647476
Beartooth,BRT006d07_a_PTD.m,0.77,0.8,0.29,5,26,42,0.84,0.8,0.34,A Pure Tone,0.841621234,0.738846849,-0.55338472,1.292231569,1.395005953,-0.092731065
Beartooth,BRT007c05_a_PTD.m,0.55,0.42,0.25,12,58,77,0.56,0.63,0.52,Easy,-0.201893479,0.125661347,-0.67448975,0.800151097,0.472596271,0.274414202
Beartooth,BRT007c07_a_PTD.m,0.96,0.91,0.32,11,55,110,0.78,0.8,0.33,A Pure Tone,1.340755034,1.750686071,-0.467698799,2.21838487,1.808453833,-0.641493636
Beartooth,BRT007c10_a_PTD.m,0.87,0.96,0.29,12,62,114,0.84,0.78,0.42,Hard,1.750686071,1.126391129,-0.55338472,1.679775849,2.304070791,-0.286503205
Beartooth,BRT007c12_a_PTD.m,0.8,0.79,0.2,14,69,84,0.78,0.71,0.64,Easy,0.806421247,0.841621234,-0.841621234,1.683242467,1.648042481,-1.11E-16
Beartooth,BRT008d04_a_PTD.m,0.86,0.95,0.15,11,64,74,0.91,0.79,0.58,Easy,1.644853627,1.080319341,-1.036433389,2.11675273,2.681287016,-0.021942976
Beartooth,BRT008d06_a_PTD.m,0.93,0.91,0.29,11,59,118,0.79,0.82,0.42,Hard,1.340755034,1.475791028,-0.55338472,2.029175748,1.894139753,-0.461203154
Beartooth,BRT008d08_a_PTD.m,0.93,0.96,0.19,12,57,83,0.91,0.87,0.48,A Pure Tone,1.750686071,1.475791028,-0.877896295,2.353687323,2.628582366,-0.298947367
Beartooth,BRT008e05_a_PTD.m,0.95,0.91,0.33,11,56,114,0.7,0.74,0.52,A Pure Tone,1.340755034,1.644853627,-0.439913166,2.084766793,1.780668199,-0.602470231
Beartooth,BRT009a04_a_PTD.m,0.62,0.93,0.29,7,34,51,0.9,0.75,0.48,Hard,1.475791028,0.305480788,-0.55338472,0.858865508,2.029175748,0.123951966
Beartooth,BRT009c04_a_PTD.m,0.98,0.95,0.4,11,55,139,0.83,0.81,0.44,A Pure Tone,1.644853627,2.053748911,-0.253347103,2.307096014,1.89820073,-0.900200904
Beartooth,BRT009c06_a_PTD.m,0.89,0.94,0.35,8,37,80,0.86,0.75,0.32,Easy,1.554773595,1.22652812,-0.385320466,1.611848586,1.940094061,-0.420603827
Beartooth,BRT009d06_a_PTD.m,0.89,0.96,0.13,13,61,86,0.94,0.82,0.43,Easy,1.750686071,1.22652812,-1.126391129,2.352919249,2.8770772,-0.050068495
Beartooth,BRT011g04_a_PTD.m,0.61,0.5,0.11,6,33,45,0.65,0.75,0.38,Easy,0,0.279319034,-1.22652812,1.505847154,1.22652812,0.473604543
Beartooth,BRT011h05_a_PTD.m,0.98,0.91,0.34,11,54,122,0.77,0.81,0.23,A Pure Tone,1.340755034,2.053748911,-0.412463129,2.46621204,1.753218163,-0.820642891
Beartooth,BRT011h06_a_PTD.m,0.93,0.94,0.33,9,45,94,0.83,0.81,0.5,Hard,1.554773595,1.475791028,-0.439913166,1.915704194,1.99468676,-0.517938931
Beartooth,BRT012f03_a_PTD.m,0.98,0.92,0.45,6,33,89,0.83,0.84,0.24,A Pure Tone,1.40507156,2.053748911,-0.125661347,2.179410257,1.530732907,-0.964043782
Beartooth,BRT013e02_a_PTD.m,0.95,0.95,0.35,11,56,110,0.85,0.83,0.42,A Pure Tone,1.644853627,1.644853627,-0.385320466,2.030174093,2.030174093,-0.62976658
Beartooth,BRT013e03_a_PTD.m,0.91,0.92,0.42,12,58,136,0.82,0.82,0.23,Hard,1.40507156,1.340755034,-0.201893479,1.542648513,1.606965039,-0.569430777
Beartooth,BRT015a05_a_PTD.m,0.89,0.9,0.38,10,53,112,0.73,0.73,0.44,Easy,1.281551566,1.22652812,-0.305480788,1.532008908,1.587032354,-0.460523666
Beartooth,BRT015b05_a_PTD.m,0.99,0.95,0.37,10,53,110,0.82,0.84,0.26,A Pure Tone,1.644853627,2.326347874,-0.331853346,2.65820122,1.976706973,-0.997247264
Beartooth,BRT015b07_a_PTD.m,0.72,0.73,0.27,15,74,109,0.67,0.67,0.34,Hard,0.612812991,0.582841507,-0.612812991,1.195654498,1.225625982,0.014985742
Beartooth,BRT015c04_a_PTD.m,0.87,0.83,0.28,12,61,105,0.76,0.77,0.31,Easy,0.954165253,1.126391129,-0.582841507,1.709232636,1.53700676,-0.271774811
Beartooth,BRT015c06_a_PTD.m,0.73,0.73,0.2,15,74,100,0.75,0.77,0.49,Hard,0.612812991,0.612812991,-0.841621234,1.454434225,1.454434225,0.114404121
Beartooth,BRT015c08_a_PTD.m,0.81,0.83,0.14,6,32,43,0.8,0.8,0.35,A Pure Tone,0.954165253,0.877896295,-1.080319341,1.958215636,2.034484594,0.101211523
Beartooth,BRT016f04_a_PTD.m,0.99,0.95,0.34,11,54,110,0.8,0.83,0.4,Easy,1.644853627,2.326347874,-0.412463129,2.738811003,2.057316756,-0.956942372
Beartooth,BRT016f06_a_PTD.m,0.98,0.95,0.34,10,56,110,0.87,0.84,0.22,Hard,1.644853627,2.053748911,-0.412463129,2.46621204,2.057316756,-0.820642891
Beartooth,BRT016f07_a_PTD.m,0.96,0.91,0.2,11,55,91,0.89,0.89,0.36,A Pure Tone,1.340755034,1.750686071,-0.841621234,2.592307305,2.182376267,-0.454532419
Beartooth,BRT016f12_a_PTD.m,0.87,0.92,0.19,13,62,98,0.84,0.82,0.48,Hard,1.40507156,1.126391129,-0.877896295,2.004287424,2.282967855,-0.124247417
Beartooth,BRT017f04_a_PTD.m,0.85,0.62,0.11,8,41,47,0.65,0.76,0.55,A Pure Tone,0.305480788,1.036433389,-1.22652812,2.26296151,1.532008908,0.095047365
Beartooth,BRT017g04_a_PTD.m,0.98,0.95,0.35,11,56,123,0.83,0.83,0.26,Easy,1.644853627,2.053748911,-0.385320466,2.439069377,2.030174093,-0.834214222
Beartooth,BRT017g06_a_PTD.m,0.93,0.96,0.29,12,58,102,0.82,0.82,0.41,Hard,1.750686071,1.475791028,-0.55338472,2.029175748,2.304070791,-0.461203154
Beartooth,BRT017g07_a_PTD.m,0.93,0.95,0.24,11,57,84,0.91,0.88,0.38,A Pure Tone,1.644853627,1.475791028,-0.706302563,2.182093591,2.35115619,-0.384744233
Beartooth,BRT018d05_a_PTD.m,0.47,0.33,0.19,3,15,21,0.48,0.57,0.15,A Pure Tone,-0.439913166,-0.075269862,-0.877896295,0.802626433,0.437983129,0.476583079
Beartooth,BRT018e04_a_PTD.m,0.95,0.9,0.32,10,55,106,0.82,0.77,0.19,Easy,1.281551566,1.644853627,-0.467698799,2.112552426,1.749250365,-0.588577414
Beartooth,BRT018e06_a_PTD.m,0.87,0.95,0.35,10,52,113,0.82,0.76,0.34,Hard,1.644853627,1.126391129,-0.385320466,1.511711595,2.030174093,-0.370535331
Beartooth,BRT020h03_a_PTD.m,0.91,0.83,0.44,12,58,164,0.66,0.71,0.54,A Pure Tone,0.954165253,1.340755034,-0.150969215,1.491724249,1.105134469,-0.594892909
Beartooth,BRT020h05_a_PTD.m,0.87,0.96,0.34,12,61,134,0.83,0.77,0.36,Hard,1.750686071,1.126391129,-0.412463129,1.538854258,2.163149201,-0.356964
Beartooth,BRT020h06_a_PTD.m,0.85,0.95,0.24,10,54,90,0.83,0.74,0.43,Easy,1.644853627,1.036433389,-0.706302563,1.742735952,2.35115619,-0.165065413
Beartooth,BRT022e05_a_PTD.m,0.71,0.92,0.25,12,58,100,0.81,0.71,0.26,Easy,1.40507156,0.55338472,-0.67448975,1.22787447,2.079561311,0.060552515
Beartooth,BRT023a05_a_PTD.m,0.6,0.89,0.19,9,43,53,0.82,0.69,0.24,Hard,1.22652812,0.253347103,-0.877896295,1.131243398,2.104424415,0.312274596
Beartooth,BRT024c05_a_PTD.m,0.85,0.77,0.3,13,65,171,0.77,0.79,0.12,Easy,0.738846849,1.036433389,-0.524400513,1.560833902,1.263247362,-0.256016438
Beartooth,BRT024c06_a_PTD.m,0.99,0.95,0.27,10,53,123,0.87,0.89,0.18,A Pure Tone,1.644853627,2.326347874,-0.612812991,2.939160865,2.257666618,-0.856767442
Beartooth,BRT024c09_a_PTD.m,0.79,0.95,0.21,11,53,78,0.87,0.81,0.28,Hard,1.644853627,0.806421247,-0.806421247,1.612842494,2.451274874,0
Beartooth,BRT024d03_a_PTD.m,0.94,0.93,0.22,7,33,45,0.89,0.86,0.44,A Pure Tone,1.475791028,1.554773595,-0.772193214,2.326966809,2.247984242,-0.39129019
Beartooth,BRT026c08_a_PTD.m,0.91,0.91,0.44,11,58,178,0.79,0.78,0.31,A Pure Tone,1.340755034,1.340755034,-0.150969215,1.491724249,1.491724249,-0.594892909
Beartooth,BRT026c11_a_PTD.m,0.99,0.95,0.38,11,53,121,0.82,0.83,0.24,Easy,1.644853627,2.326347874,-0.305480788,2.631828662,1.950334415,-1.010433543
Beartooth,BRT026c12_a_PTD.m,0.87,0.94,0.31,8,39,68,0.8,0.76,0.58,Hard,1.554773595,1.126391129,-0.495850347,1.622241476,2.050623942,-0.315270391
Beartooth,BRT027e04_a_PTD.m,0.96,0.96,0.28,12,56,101,0.88,0.88,0.42,Easy,1.750686071,1.750686071,-0.582841507,2.333527579,2.333527579,-0.583922282
Beartooth,BRT027e05_a_PTD.m,0.99,0.95,0.36,11,53,120,0.84,0.83,0.28,Hard,1.644853627,2.326347874,-0.358458793,2.684806667,2.00331242,-0.98394454
Beartooth,BRT027e07_a_PTD.m,0.83,0.83,0.33,6,29,66,0.69,0.7,0.52,A Pure Tone,0.954165253,0.954165253,-0.439913166,1.394078419,1.394078419,-0.257126044
Beartooth,BRT031c05_a_PTD.m,0.77,0.69,0.26,13,71,126,0.67,0.7,0.27,Easy,0.495850347,0.738846849,-0.643345405,1.382192255,1.139195753,-0.047750722
Beartooth,BRT031c06_a_PTD.m,0.96,0.92,0.35,12,56,125,0.74,0.78,0.29,A Pure Tone,1.40507156,1.750686071,-0.385320466,2.136006538,1.790392027,-0.682682802
Beartooth,BRT031c08_a_PTD.m,0.99,0.95,0.22,10,53,100,0.88,0.85,0.31,Hard,1.644853627,2.326347874,-0.772193214,3.098541088,2.417046841,-0.77707733
Beartooth,BRT032e06_a_PTD.m,0.83,0.77,0.24,13,64,98,0.71,0.74,0.39,Easy,0.738846849,0.954165253,-0.706302563,1.660467816,1.445149412,-0.123931345
Beartooth,BRT032e08_a_PTD.m,0.93,0.96,0.31,12,59,108,0.83,0.78,0.25,Hard,1.750686071,1.475791028,-0.495850347,1.971641376,2.246536419,-0.48997034
Beartooth,BRT032e09_a_PTD.m,0.99,0.95,0.24,11,55,91,0.85,0.84,0.25,A Pure Tone,1.644853627,2.326347874,-0.706302563,3.032650437,2.35115619,-0.810022656
Beartooth,BRT032e13_a_PTD.m,0.96,0.91,0.14,11,54,72,0.84,0.87,0.55,A Pure Tone,1.340755034,1.750686071,-1.080319341,2.831005412,2.421074375,-0.335183365
Beartooth,BRT032e14_a_PTD.m,0.87,0.95,0.03,11,31,34,0.99,0.91,0.73,Hard,1.644853627,1.126391129,-1.880793608,3.007184737,3.525647235,0.37720124
Beartooth,BRT033b07_a_PTD.m,0.81,0.92,0.2,13,67,109,0.85,0.8,0.36,A Pure Tone,1.40507156,0.877896295,-0.841621234,1.719517529,2.246692794,-0.018137531
Beartooth,BRT033b08_a_PTD.m,0.76,0.93,0.07,15,72,92,0.91,0.81,0.56,Easy,1.475791028,0.706302563,-1.475791028,2.182093591,2.951582056,0.384744233
Beartooth,BRT033b11_a_PTD.m,0.61,0.67,0.15,6,31,52,0.77,0.71,0.66,Hard,0.439913166,0.279319034,-1.036433389,1.315752424,1.476346555,0.378557178
Beartooth,BRT034f04_a_PTD.m,0.86,0.92,0.29,12,63,109,0.84,0.8,0.34,Hard,1.40507156,1.080319341,-0.55338472,1.63370406,1.95845628,-0.263467311
Beartooth,BRT034f06_a_PTD.m,0.99,0.95,0.32,11,54,114,0.78,0.79,0.19,A Pure Tone,1.644853627,2.326347874,-0.467698799,2.794046673,2.112552426,-0.929324537
Beartooth,BRT034f07_a_PTD.m,0.98,0.91,0.27,11,53,91,0.79,0.86,0.35,Easy,1.340755034,2.053748911,-0.612812991,2.666561902,1.953568025,-0.72046796
Beartooth,BRT034f10_a_PTD.m,0.98,0.91,0.16,11,55,77,0.87,0.9,0.53,A Pure Tone,1.340755034,2.053748911,-0.994457883,3.048206794,2.335212917,-0.529645514
Beartooth,BRT036b05_a_PTD.m,0.88,0.92,0.3,12,60,97,0.78,0.76,0.29,Easy,1.40507156,1.174986792,-0.524400513,1.699387305,1.929472073,-0.32529314
Beartooth,BRT036b07_a_PTD.m,0.83,0.92,0.16,12,65,76,0.85,0.84,0.38,Hard,1.40507156,0.954165253,-0.994457883,1.948623136,2.399529444,0.020146315
Beartooth,BRT036b10_a_PTD.m,0.72,0.75,0.14,12,61,76,0.75,0.74,0.67,A Pure Tone,0.67448975,0.582841507,-1.080319341,1.663160848,1.754809091,0.248738917
Beartooth,BRT037b04_a_PTD.m,0.89,0.83,0.31,12,61,95,0.79,0.8,0.2,A Pure Tone,0.954165253,1.22652812,-0.495850347,1.722378467,1.4500156,-0.365338886
Beartooth,BRT037b06_a_PTD.m,0.75,0.73,0.21,11,51,92,0.78,0.76,0.25,Easy,0.612812991,0.67448975,-0.806421247,1.480910997,1.419234238,0.065965748
Beartooth,BRT037b08_a_PTD.m,0.64,0.5,0.2,6,25,45,0.59,0.72,0.34,Hard,0,0.358458793,-0.841621234,1.200080027,0.841621234,0.24158122
Beartooth,BRT038b08_a_PTD.m,0.6,0.53,0.24,17,88,135,0.61,0.6,0.25,Easy,0.075269862,0.253347103,-0.706302563,0.959649666,0.781572425,0.22647773
Beartooth,BRT038b10_a_PTD.m,0.46,0.45,0.12,22,109,168,0.62,0.69,0.5,Hard,-0.125661347,-0.100433721,-1.174986792,1.074553072,1.049325445,0.637710256
Beartooth,BRT039c04_a_PTD.m,0.98,0.95,0.47,11,54,184,0.82,0.78,0.2,Hard,1.644853627,2.053748911,-0.075269862,2.129018773,1.720123489,-0.989239524
Beartooth,BRT039c06_a_PTD.m,0.98,0.95,0.32,11,55,102,0.81,0.78,0.34,Easy,1.644853627,2.053748911,-0.467698799,2.52144771,2.112552426,-0.793025056
Beartooth,BRT039c08_a_PTD.m,0.72,0.6,0.24,15,75,110,0.62,0.68,0.56,A Pure Tone,0.253347103,0.582841507,-0.706302563,1.28914407,0.959649666,0.061730528
Beartooth,BRT040c08_a_PTD.m,0.84,0.85,0.3,13,63,123,0.73,0.71,0.27,Easy,1.036433389,0.994457883,-0.524400513,1.518858396,1.560833902,-0.235028685
Beartooth,BRT040c10_a_PTD.m,0.56,0.55,0.29,20,97,212,0.58,0.6,0.37,Hard,0.125661347,0.150969215,-0.55338472,0.704353935,0.679046066,0.201207752
Beartooth,BRT041d04_a_PTD.m,0.94,0.5,0.32,1,8,19,0.68,0.84,1.14,Easy,0,1.554773595,-0.467698799,2.022472394,0.467698799,-0.543537398
Beartooth,BRT044h05_a_PTD.m,0.6,0.44,0.22,18,88,110,0.58,0.64,0.52,A Pure Tone,-0.150969215,0.253347103,-0.772193214,1.025540317,0.621223999,0.259423056
Beartooth,BRT044h07_a_PTD.m,0.69,0.73,0.26,15,77,143,0.71,0.65,0.47,Easy,0.612812991,0.495850347,-0.643345405,1.139195753,1.256158396,0.073747529
Beartooth,BRT049h06_a_PTD.m,0.5,0.64,0.22,22,110,129,0.69,0.6,0.45,Easy,0.358458793,0,-0.772193214,0.772193214,1.130652007,0.386096607
Beartooth,BRT049h08_a_PTD.m,0.32,0.3,0.12,33,165,188,0.55,0.58,0.69,Hard,-0.524400513,-0.467698799,-1.174986792,0.707287993,0.650586279,0.821342796
Beartooth,BRT050d08_a_PTD.m,0.96,0.96,0.28,12,56,106,0.88,0.87,0.21,A Pure Tone,1.750686071,1.750686071,-0.582841507,2.333527579,2.333527579,-0.583922282
Beartooth,BRT050d10_a_PTD.m,0.86,0.92,0.22,13,64,111,0.84,0.73,0.27,Easy,1.40507156,1.080319341,-0.772193214,1.852512555,2.177264774,-0.154063063
Beartooth,BRT050d11_a_PTD.m,0.68,0.96,0.14,14,68,76,0.93,0.79,0.56,Hard,1.750686071,0.467698799,-1.080319341,1.54801814,2.831005412,0.306310271
Leyva,ley011c06_a_PTD.m,0.83,0.83,0.11,36,36,37,0.85,0.85,0.41,A Pure Tone,0.954165253,0.954165253,-1.22652812,2.180693373,2.180693373,0.136181433
Leyva,ley016d07_a_PTD.m,0.98,0.98,0.31,30,30,49,0.9,0.9,0.26,A Pure Tone,2.053748911,2.053748911,-0.495850347,2.549599258,2.549599258,-0.778949282
Leyva,ley018d14_a_PTD.m,0.98,0.98,0.09,30,30,33,0.97,0.97,0.31,A Pure Tone,2.053748911,2.053748911,-1.340755034,3.394503944,3.394503944,-0.356496938
Leyva,ley018g04_a_PTD.m,0.98,0.98,0.12,30,30,40,0.97,0.97,0.28,A Pure Tone,2.053748911,2.053748911,-1.174986792,3.228735703,3.228735703,-0.439381059
Leyva,ley018h03_a_PTD.m,0.59,0.59,0.05,37,37,39,0.69,0.69,0.46,A Pure Tone,0.227544977,0.227544977,-1.644853627,1.872398604,1.872398604,0.708654325
Leyva,ley024d04_a_PTD.m,0.98,0.98,0.14,30,30,37,0.93,0.93,0.26,A Pure Tone,2.053748911,2.053748911,-1.080319341,3.134068251,3.134068251,-0.486714785
Leyva,ley025c07_a_PTD.m,0.75,0.75,0.15,24,24,26,0.82,0.82,0.6,A Pure Tone,0.67448975,0.67448975,-1.036433389,1.71092314,1.71092314,0.18097182
Leyva,ley025c08_a_PTD.m,0.98,0.98,0.17,30,30,40,0.92,0.92,0.31,A Pure Tone,2.053748911,2.053748911,-0.954165253,3.007914164,3.007914164,-0.549791829
Leyva,ley025c10_a_PTD.m,0.91,0.91,0.17,33,33,46,0.84,0.84,0.48,A Pure Tone,1.340755034,1.340755034,-0.954165253,2.294920287,2.294920287,-0.19329489
Leyva,ley025f04_a_PTD.m,0.98,0.98,0.25,30,30,51,0.95,0.95,0.22,A Pure Tone,2.053748911,2.053748911,-0.67448975,2.728238661,2.728238661,-0.68962958
Leyva,ley025f06_a_PTD.m,0.94,0.94,0.07,32,32,41,0.93,0.93,0.29,A Pure Tone,1.554773595,1.554773595,-1.475791028,3.030564623,3.030564623,-0.039491283
Leyva,ley026g03_a_PTD.m,0.98,0.98,0.21,30,30,43,0.92,0.92,0.32,A Pure Tone,2.053748911,2.053748911,-0.806421247,2.860170158,2.860170158,-0.623663832
Leyva,ley026g05_a_PTD.m,0.81,0.81,0.17,37,37,54,0.81,0.81,0.37,A Pure Tone,0.877896295,0.877896295,-0.954165253,1.832061548,1.832061548,0.038134479
Leyva,ley027f05_a_PTD.m,0.98,0.98,0.29,30,30,55,0.9,0.9,0.26,A Pure Tone,2.053748911,2.053748911,-0.55338472,2.60713363,2.60713363,-0.750182096
Leyva,ley027f07_a_PTD.m,0.91,0.91,0.22,33,33,51,0.84,0.84,0.39,A Pure Tone,1.340755034,1.340755034,-0.772193214,2.112948248,2.112948248,-0.28428091
Leyva,ley027g05_a_PTD.m,0.91,0.91,0.13,33,33,39,0.91,0.91,0.34,A Pure Tone,1.340755034,1.340755034,-1.126391129,2.467146163,2.467146163,-0.107181952
Leyva,ley027g07_a_PTD.m,0.91,0.91,0.11,33,33,44,0.9,0.9,0.37,A Pure Tone,1.340755034,1.340755034,-1.22652812,2.567283154,2.567283154,-0.057113457
Leyva,ley031e05_a_PTD.m,0.94,0.94,0.06,32,32,35,0.9,0.9,0.36,A Pure Tone,1.554773595,1.554773595,-1.554773595,3.109547189,3.109547189,1.11E-16
Leyva,ley031e07_a_PTD.m,0.98,0.98,0.09,30,30,34,0.99,0.99,0.44,A Pure Tone,2.053748911,2.053748911,-1.340755034,3.394503944,3.394503944,-0.356496938
Leyva,ley033h03_a_PTD.m,0.98,0.98,0.28,30,30,50,0.91,0.91,0.25,A Pure Tone,2.053748911,2.053748911,-0.582841507,2.636590418,2.636590418,-0.735453702
Leyva,ley033h06_a_PTD.m,0.97,0.97,0.35,31,31,66,0.84,0.84,0.38,A Pure Tone,1.880793608,1.880793608,-0.385320466,2.266114075,2.266114075,-0.747736571
Leyva,ley034g03_a_PTD.m,0.98,0.98,0.26,30,30,46,0.91,0.91,0.25,A Pure Tone,2.053748911,2.053748911,-0.643345405,2.697094316,2.697094316,-0.705201753
Leyva,ley034g06_a_PTD.m,0.98,0.98,0.38,30,30,66,0.8,0.8,0.3,A Pure Tone,2.053748911,2.053748911,-0.305480788,2.359229699,2.359229699,-0.874134061
Leyva,ley034i03_a_PTD.m,0.98,0.98,0.3,30,30,53,0.95,0.95,0.22,A Pure Tone,2.053748911,2.053748911,-0.524400513,2.578149423,2.578149423,-0.764674199
Leyva,ley035c06_a_PTD.m,0.91,0.91,0.08,33,33,37,0.9,0.9,0.33,A Pure Tone,1.340755034,1.340755034,-1.40507156,2.745826594,2.745826594,0.032158263
Leyva,ley039f07_a_PTD.m,0.94,0.94,0.53,9,9,15,0.83,0.83,0.27,A Pure Tone,1.554773595,1.554773595,0.075269862,1.479503732,1.479503732,-0.815021728
Leyva,ley040j04_a_PTD.m,0.94,0.94,0.14,32,32,37,0.92,0.92,0.33,A Pure Tone,1.554773595,1.554773595,-1.080319341,2.635092935,2.635092935,-0.237227127
Leyva,ley040j06_a_PTD.m,0.97,0.97,0.13,31,31,39,0.92,0.92,0.3,A Pure Tone,1.880793608,1.880793608,-1.126391129,3.007184737,3.007184737,-0.37720124
Leyva,ley040k04_a_PTD.m,0.94,0.94,0.09,32,32,43,0.94,0.94,0.33,A Pure Tone,1.554773595,1.554773595,-1.340755034,2.895528628,2.895528628,-0.10700928
Leyva,ley040k06_a_PTD.m,0.98,0.98,0.08,30,30,36,0.96,0.96,0.38,A Pure Tone,2.053748911,2.053748911,-1.40507156,3.458820471,3.458820471,-0.324338675
Leyva,ley041f04_a_PTD.m,0.94,0.94,0.53,8,8,19,0.74,0.74,0.23,A Pure Tone,1.554773595,1.554773595,0.075269862,1.479503732,1.479503732,-0.815021728
Leyva,ley041k05_a_PTD.m,0.98,0.98,0.34,30,30,67,0.91,0.91,0.25,A Pure Tone,2.053748911,2.053748911,-0.412463129,2.46621204,2.46621204,-0.820642891
Leyva,ley041l05_a_PTD.m,0.98,0.98,0.21,30,30,43,0.89,0.89,0.22,A Pure Tone,2.053748911,2.053748911,-0.806421247,2.860170158,2.860170158,-0.623663832
Leyva,ley041l10_a_PTD.m,0.54,0.54,0.3,13,13,20,0.61,0.61,0.24,A Pure Tone,0.100433721,0.100433721,-0.524400513,0.624834233,0.624834233,0.211983396
Leyva,ley042f04_a_PTD.m,0.97,0.97,0.33,15,15,21,0.94,0.94,0.23,A Pure Tone,1.880793608,1.880793608,-0.439913166,2.320706774,2.320706774,-0.720440221
Leyva,ley042g04_a_PTD.m,0.98,0.98,0.29,30,30,45,0.8,0.8,0.25,A Pure Tone,2.053748911,2.053748911,-0.55338472,2.60713363,2.60713363,-0.750182096
Leyva,ley042i04_a_PTD.m,0.98,0.98,0.16,30,30,37,0.97,0.97,0.21,A Pure Tone,2.053748911,2.053748911,-0.994457883,3.048206794,3.048206794,-0.529645514
Leyva,ley042i06_a_PTD.m,0.98,0.98,0.11,30,30,36,0.95,0.95,0.25,A Pure Tone,2.053748911,2.053748911,-1.22652812,3.280277031,3.280277031,-0.413610395
Leyva,ley043g04_a_PTD.m,0.98,0.98,0.15,30,30,40,0.99,0.99,0.31,A Pure Tone,2.053748911,2.053748911,-1.036433389,3.0901823,3.0901823,-0.508657761
Leyva,ley043h04_a_PTD.m,0.98,0.98,0.2,30,30,40,0.92,0.92,0.27,A Pure Tone,2.053748911,2.053748911,-0.841621234,2.895370144,2.895370144,-0.606063839
Leyva,ley043h06_a_PTD.m,0.98,0.98,0.09,30,30,34,0.94,0.94,0.27,A Pure Tone,2.053748911,2.053748911,-1.340755034,3.394503944,3.394503944,-0.356496938
Leyva,ley045h03_a_PTD.m,0.98,0.98,0.06,30,30,33,0.99,0.99,0.24,A Pure Tone,2.053748911,2.053748911,-1.554773595,3.608522505,3.608522505,-0.249487658
Leyva,ley046f06_a_PTD.m,0.98,0.98,0.39,30,30,62,0.89,0.89,0.25,A Pure Tone,2.053748911,2.053748911,-0.279319034,2.333067945,2.333067945,-0.887214938
Leyva,ley046g02_a_PTD.m,0.98,0.98,0.36,30,30,55,0.95,0.95,0.24,A Pure Tone,2.053748911,2.053748911,-0.358458793,2.412207704,2.412207704,-0.847645059
Leyva,ley046g06_a_PTD.m,0.98,0.98,0.35,31,31,57,0.94,0.94,0.2,A Pure Tone,2.053748911,2.053748911,-0.385320466,2.439069377,2.439069377,-0.834214222
Leyva,ley047f03_a_PTD.m,0.86,0.86,0.23,35,35,60,0.87,0.87,0.36,A Pure Tone,1.080319341,1.080319341,-0.738846849,1.81916619,1.81916619,-0.170736246
Leyva,ley047i03_a_PTD.m,0.79,0.79,0.13,19,19,23,0.83,0.83,0.38,A Pure Tone,0.806421247,0.806421247,-1.126391129,1.932812376,1.932812376,0.159984941
Leyva,ley048g05_a_PTD.m,0.98,0.98,0.03,30,30,32,0.99,0.99,0.3,A Pure Tone,2.053748911,2.053748911,-1.880793608,3.934542519,3.934542519,-0.086477651
Leyva,ley048j04_a_PTD.m,0.98,0.98,0.03,30,30,32,1,1,0.26,A Pure Tone,2.053748911,2.053748911,-1.880793608,3.934542519,3.934542519,-0.086477651
Leyva,ley048m04_a_PTD.m,0.98,0.98,0.03,30,30,31,0.99,0.99,0.26,A Pure Tone,2.053748911,2.053748911,-1.880793608,3.934542519,3.934542519,-0.086477651
Leyva,ley048m06_a_PTD.m,0.98,0.98,0.09,30,30,34,0.97,0.97,0.37,A Pure Tone,2.053748911,2.053748911,-1.340755034,3.394503944,3.394503944,-0.356496938
Leyva,ley049c07_a_PTD.m,0.83,0.83,0.04,23,23,24,0.83,0.83,0.37,A Pure Tone,0.954165253,0.954165253,-1.750686071,2.704851324,2.704851324,0.398260409
Leyva,ley049h05_a_PTD.m,0.97,0.97,0.35,31,31,57,0.85,0.85,0.24,A Pure Tone,1.880793608,1.880793608,-0.385320466,2.266114075,2.266114075,-0.747736571
Leyva,ley049h07_a_PTD.m,0.98,0.98,0.26,30,30,54,0.88,0.88,0.19,A Pure Tone,2.053748911,2.053748911,-0.643345405,2.697094316,2.697094316,-0.705201753